<xml>

<R><?z print($rw[0]) ?></R>
<R><?z print($rw[1]) ?></R>
<R><?z print($rw[2]) ?></R>
<R><?z print($rw[3]) ?></R>
<R><?z print($rw[4]) ?></R>
<R><?z print($rw[5]) ?></R>
<R><?z print($rw[6]) ?></R>
<R><?z print($rw[7]) ?></R>
<R><?z print($rw[8]) ?></R>
<R><?z print($rw[9]) ?></R>
<R><?z print($rw[10]) ?></R>
<R><?z print($rw[11]) ?></R>
<R><?z print($rw[12]) ?></R>
<R><?z print($rw[13]) ?></R>
<R><?z print($rw[14]) ?></R>
<R><?z print($rw[15]) ?></R>
<R><?z print($rw[16]) ?></R>
<R><?z print($rw[17]) ?></R>
<R><?z print($rw[18]) ?></R>
<R><?z print($rw[19]) ?></R>
<R><?z print($rw[20]) ?></R>
<R><?z print($rw[21]) ?></R>
<R><?z print($rw[22]) ?></R>
<R><?z print($rw[23]) ?></R>
<R><?z print($rw[24]) ?></R>
<R><?z print($rw[25]) ?></R>
<R><?z print($rw[26]) ?></R>
<R><?z print($rw[27]) ?></R>
<R><?z print($rw[28]) ?></R>
<R><?z print($rw[29]) ?></R>
<R><?z print($rw[30]) ?></R>
<R><?z print($rw[31]) ?></R>
<R><?z print($rw[32]) ?></R>
<R><?z print($rw[33]) ?></R>
<R><?z print($rw[34]) ?></R>
<R><?z print($rw[35]) ?></R>
<R><?z print($rw[36]) ?></R>
<R><?z print($rw[37]) ?></R>
<R><?z print($rw[38]) ?></R>
<R><?z print($rw[39]) ?></R>
<R><?z print($rw[40]) ?></R>
<R><?z print($rw[41]) ?></R>
<R><?z print($rw[42]) ?></R>
<R><?z print($rw[43]) ?></R>
<R><?z print($rw[44]) ?></R>
<R><?z print($rw[45]) ?></R>
<R><?z print($rw[46]) ?></R>
<R><?z print($rw[47]) ?></R>
<R><?z print($rw[48]) ?></R>
<R><?z print($rw[49]) ?></R>
<R><?z print($rw[50]) ?></R>
<R><?z print($rw[51]) ?></R>
<R><?z print($rw[52]) ?></R>
<R><?z print($rw[53]) ?></R>
<R><?z print($rw[54]) ?></R>
<R><?z print($rw[55]) ?></R>
<R><?z print($rw[56]) ?></R>
<R><?z print($rw[57]) ?></R>
<R><?z print($rw[58]) ?></R>
<R><?z print($rw[59]) ?></R>
<R><?z print($rw[60]) ?></R>
<R><?z print($rw[61]) ?></R>
<R><?z print($rw[62]) ?></R>
<R><?z print($rw[63]) ?></R>

<V> <?z print($vl[0]) ?></V>
<V> <?z print($vl[1]) ?></V>
<V> <?z print($vl[2]) ?></V>
<V> <?z print($vl[3]) ?></V>
<V> <?z print($vl[4]) ?></V>
<V> <?z print($vl[5]) ?></V>
<V> <?z print($vl[6]) ?></V>
<V> <?z print($vl[7]) ?></V>
<V> <?z print($vl[8]) ?></V>
<V> <?z print($vl[9]) ?></V>
<V> <?z print($vl[10]) ?></V>
<V> <?z print($vl[11]) ?></V>
<V> <?z print($vl[12]) ?></V>
<V> <?z print($vl[13]) ?></V>
<V> <?z print($vl[14]) ?></V>
<V> <?z print($vl[15]) ?></V>
<V> <?z print($vl[16]) ?></V>
<V> <?z print($vl[17]) ?></V>
<V> <?z print($vl[18]) ?></V>
<V> <?z print($vl[19]) ?></V>
<V> <?z print($vl[20]) ?></V>
<V> <?z print($vl[21]) ?></V>
<V> <?z print($vl[22]) ?></V>
<V> <?z print($vl[23]) ?></V>
<V> <?z print($vl[24]) ?></V>
<V> <?z print($vl[25]) ?></V>
<V> <?z print($vl[26]) ?></V>
<V> <?z print($vl[27]) ?></V>
<V> <?z print($vl[28]) ?></V>
<V> <?z print($vl[29]) ?></V>
<V> <?z print($vl[30]) ?></V>
<V> <?z print($vl[31]) ?></V>
<V> <?z print($vl[32]) ?></V>
<V> <?z print($vl[33]) ?></V>
<V> <?z print($vl[34]) ?></V>
<V> <?z print($vl[35]) ?></V>
<V> <?z print($vl[36]) ?></V>
<V> <?z print($vl[37]) ?></V>
<V> <?z print($vl[38]) ?></V>
<V> <?z print($vl[39]) ?></V>
<V> <?z print($vl[40]) ?></V>
<V> <?z print($vl[41]) ?></V>
<V> <?z print($vl[42]) ?></V>
<V> <?z print($vl[43]) ?></V>
<V> <?z print($vl[44]) ?></V>
<V> <?z print($vl[45]) ?></V>
<V> <?z print($vl[46]) ?></V>
<V> <?z print($vl[47]) ?></V>
<V> <?z print($vl[48]) ?></V>
<V> <?z print($vl[49]) ?></V>
<V> <?z print($vl[50]) ?></V>
<V> <?z print($vl[51]) ?></V>
<V> <?z print($vl[52]) ?></V>
<V> <?z print($vl[53]) ?></V>
<V> <?z print($vl[54]) ?></V>
<V> <?z print($vl[55]) ?></V>
<V> <?z print($vl[56]) ?></V>
<V> <?z print($vl[57]) ?></V>
<V> <?z print($vl[58]) ?></V>
<V> <?z print($vl[59]) ?></V>
<V> <?z print($vl[60]) ?></V>
<V> <?z print($vl[61]) ?></V>
<V> <?z print($vl[62]) ?></V>
<V> <?z print($vl[63]) ?></V>

</xml>