<xml>

<R> <?z print($mon_arr[0]) ?></R>
<R> <?z print($mon_arr[1]) ?></R>
<R> <?z print($mon_arr[2]) ?></R>
<R> <?z print($mon_arr[3]) ?></R>
<R> <?z print($mon_arr[4]) ?></R>
<R> <?z print($mon_arr[5]) ?></R>
<R> <?z print($mon_arr[6]) ?></R>
<R> <?z print($mon_arr[7]) ?></R>
<R> <?z print($mon_arr[8]) ?></R>
<R> <?z print($mon_arr[9]) ?></R>
<R> <?z print($mon_arr[10]) ?></R>
<R> <?z print($mon_arr[11]) ?></R>
<R> <?z print($mon_arr[12]) ?></R>
<R> <?z print($mon_arr[13]) ?></R>
<R> <?z print($mon_arr[14]) ?></R>
<R> <?z print($mon_arr[15]) ?></R>
<R> <?z print($mon_arr[16]) ?></R>
<R> <?z print($mon_arr[17]) ?></R>
<R> <?z print($mon_arr[18]) ?></R>
<R> <?z print($mon_arr[19]) ?></R>
<R> <?z print($mon_arr[20]) ?></R>
<R> <?z print($mon_arr[21]) ?></R>
<R> <?z print($mon_arr[22]) ?></R>
<R> <?z print($mon_arr[23]) ?></R>
<R> <?z print($mon_arr[24]) ?></R>
<R> <?z print($mon_arr[25]) ?></R>
<R> <?z print($mon_arr[26]) ?></R>
<R> <?z print($mon_arr[27]) ?></R>
<R> <?z print($mon_arr[28]) ?></R>
<R> <?z print($mon_arr[29]) ?></R>
<R> <?z print($mon_arr[30]) ?></R>
<R> <?z print($mon_arr[31]) ?></R>
<R> <?z print($mon_arr[32]) ?></R>
<R> <?z print($mon_arr[33]) ?></R>
<R> <?z print($mon_arr[34]) ?></R>
<R> <?z print($mon_arr[35]) ?></R>
<R> <?z print($mon_arr[36]) ?></R>
<R> <?z print($mon_arr[37]) ?></R>
<R> <?z print($mon_arr[38]) ?></R>
<R> <?z print($mon_arr[39]) ?></R>
<R> <?z print($mon_arr[40]) ?></R>
<R> <?z print($mon_arr[41]) ?></R>
<R> <?z print($mon_arr[42]) ?></R>
<R> <?z print($mon_arr[43]) ?></R>
<R> <?z print($mon_arr[44]) ?></R>
<R> <?z print($mon_arr[45]) ?></R>
<R> <?z print($mon_arr[46]) ?></R>
<R> <?z print($mon_arr[47]) ?></R>
<R> <?z print($mon_arr[48]) ?></R>
<R> <?z print($mon_arr[49]) ?></R>
<R> <?z print($mon_arr[50]) ?></R>
<R> <?z print($mon_arr[51]) ?></R>
<R> <?z print($mon_arr[52]) ?></R>
<R> <?z print($mon_arr[53]) ?></R>
<R> <?z print($mon_arr[54]) ?></R>
<R> <?z print($mon_arr[55]) ?></R>
<R> <?z print($mon_arr[56]) ?></R>
<R> <?z print($mon_arr[57]) ?></R>
<R> <?z print($mon_arr[58]) ?></R>
<R> <?z print($mon_arr[59]) ?></R>
<R> <?z print($mon_arr[60]) ?></R>
<R> <?z print($mon_arr[61]) ?></R>
<R> <?z print($mon_arr[62]) ?></R>
<R> <?z print($mon_arr[63]) ?></R>

<V> <?z print($mon_vlt[0]) ?></V>
<V> <?z print($mon_vlt[1]) ?></V>
<V> <?z print($mon_vlt[2]) ?></V>
<V> <?z print($mon_vlt[3]) ?></V>
<V> <?z print($mon_vlt[4]) ?></V>
<V> <?z print($mon_vlt[5]) ?></V>
<V> <?z print($mon_vlt[6]) ?></V>
<V> <?z print($mon_vlt[7]) ?></V>
<V> <?z print($mon_vlt[8]) ?></V>
<V> <?z print($mon_vlt[9]) ?></V>
<V> <?z print($mon_vlt[10]) ?></V>
<V> <?z print($mon_vlt[11]) ?></V>
<V> <?z print($mon_vlt[12]) ?></V>
<V> <?z print($mon_vlt[13]) ?></V>
<V> <?z print($mon_vlt[14]) ?></V>
<V> <?z print($mon_vlt[15]) ?></V>
<V> <?z print($mon_vlt[16]) ?></V>
<V> <?z print($mon_vlt[17]) ?></V>
<V> <?z print($mon_vlt[18]) ?></V>
<V> <?z print($mon_vlt[19]) ?></V>
<V> <?z print($mon_vlt[20]) ?></V>
<V> <?z print($mon_vlt[21]) ?></V>
<V> <?z print($mon_vlt[22]) ?></V>
<V> <?z print($mon_vlt[23]) ?></V>
<V> <?z print($mon_vlt[24]) ?></V>
<V> <?z print($mon_vlt[25]) ?></V>
<V> <?z print($mon_vlt[26]) ?></V>
<V> <?z print($mon_vlt[27]) ?></V>
<V> <?z print($mon_vlt[28]) ?></V>
<V> <?z print($mon_vlt[29]) ?></V>
<V> <?z print($mon_vlt[30]) ?></V>
<V> <?z print($mon_vlt[31]) ?></V>
<V> <?z print($mon_vlt[32]) ?></V>
<V> <?z print($mon_vlt[33]) ?></V>
<V> <?z print($mon_vlt[34]) ?></V>
<V> <?z print($mon_vlt[35]) ?></V>
<V> <?z print($mon_vlt[36]) ?></V>
<V> <?z print($mon_vlt[37]) ?></V>
<V> <?z print($mon_vlt[38]) ?></V>
<V> <?z print($mon_vlt[39]) ?></V>
<V> <?z print($mon_vlt[40]) ?></V>
<V> <?z print($mon_vlt[41]) ?></V>
<V> <?z print($mon_vlt[42]) ?></V>
<V> <?z print($mon_vlt[43]) ?></V>
<V> <?z print($mon_vlt[44]) ?></V>
<V> <?z print($mon_vlt[45]) ?></V>
<V> <?z print($mon_vlt[46]) ?></V>
<V> <?z print($mon_vlt[47]) ?></V>
<V> <?z print($mon_vlt[48]) ?></V>
<V> <?z print($mon_vlt[49]) ?></V>
<V> <?z print($mon_vlt[50]) ?></V>
<V> <?z print($mon_vlt[51]) ?></V>
<V> <?z print($mon_vlt[52]) ?></V>
<V> <?z print($mon_vlt[53]) ?></V>
<V> <?z print($mon_vlt[54]) ?></V>
<V> <?z print($mon_vlt[55]) ?></V>
<V> <?z print($mon_vlt[56]) ?></V>
<V> <?z print($mon_vlt[57]) ?></V>
<V> <?z print($mon_vlt[58]) ?></V>
<V> <?z print($mon_vlt[59]) ?></V>
<V> <?z print($mon_vlt[60]) ?></V>
<V> <?z print($mon_vlt[61]) ?></V>
<V> <?z print($mon_vlt[62]) ?></V>
<V> <?z print($mon_vlt[63]) ?></V>

</xml>